ts,symbol,signal_kind,contract,barrier,stake,payout,breakeven,won,pnl
1790930163,R_10,DONKEY,DIFFER,3,500.0,1060.0,0.4717,1,560.0
1790930163,R_10,DONKEY,DIFFER,3,500.0,1060.0,0.4717,1,560.0
1790930171,R_10,DONKEY,DIFFER,3,500.0,1060.0,0.4717,1,560.0
1790930171,R_10,DONKEY,DIFFER,3,500.0,1060.0,0.4717,1,560.0
1790930171,R_10,DONKEY,DIFFER,3,500.0,1060.0,0.4717,1,560.0
1790930171,R_10,DONKEY,DIFFER,3,500.0,1060.0,0.4717,1,560.0
1790930171,R_10,DONKEY,DIFFER,3,600.0,1060.0,0.56604,1,672.0
1790930171,R_10,DONKEY,DIFFER,3,600.0,1060.0,0.56604,1,672.0
1790930171,R_10,DONKEY,DIFFER,3,600.0,1060.0,0.56604,1,672.0
1790930432,R_10,DONKEY,DIFFER,3,500.0,1060.0,0.4717,1,560.0
1790930432,R_10,DONKEY,DIFFER,3,500.0,1060.0,0.4717,1,560.0
1790930432,R_10,DONKEY,DIFFER,3,500.0,1060.0,0.4717,1,560.0
1790930432,R_10,DONKEY,DIFFER,3,500.0,1060.0,0.4717,1,560.0
1790930432,R_10,DONKEY,DIFFER,3,600.0,1060.0,0.56604,1,672.0
1790930432,R_10,DONKEY,DIFFER,3,600.0,1060.0,0.56604,1,672.0
1790930432,R_10,DONKEY,DIFFER,3,600.0,1060.0,0.56604,1,672.0
1790930526,R_10,DONKEY,DIFFER,3,500.0,1060.0,0.4717,1,560.0
1790930526,R_10,DONKEY,DIFFER,3,500.0,1060.0,0.4717,1,560.0
1790930526,R_10,DONKEY,DIFFER,3,500.0,1060.0,0.4717,1,560.0
1790930526,R_10,DONKEY,DIFFER,3,500.0,1060.0,0.4717,1,560.0
1790930526,R_10,DONKEY,DIFFER,3,600.0,1060.0,0.56604,1,672.0
1790930526,R_10,DONKEY,DIFFER,3,600.0,1060.0,0.56604,1,672.0
1790930526,R_10,DONKEY,DIFFER,3,600.0,1060.0,0.56604,1,672.0
1790934828,R_10,DONKEY,DIFFER,3,500.0,1060.0,0.4717,1,560.0
1790934828,R_10,DONKEY,DIFFER,3,500.0,1060.0,0.4717,1,560.0
1790934851,R_10,DONKEY,DIFFER,3,500.0,1060.0,0.4717,1,560.0
1790934851,R_10,DONKEY,DIFFER,3,500.0,1060.0,0.4717,1,560.0
1790934851,R_10,DONKEY,DIFFER,3,500.0,1060.0,0.4717,1,560.0
1790934851,R_10,DONKEY,DIFFER,3,500.0,1060.0,0.4717,1,560.0
1790934851,R_10,DONKEY,DIFFER,3,600.0,1060.0,0.56604,1,672.0
1790934851,R_10,DONKEY,DIFFER,3,600.0,1060.0,0.56604,1,672.0
1790934851,R_10,DONKEY,DIFFER,3,600.0,1060.0,0.56604,1,672.0
1790934867,R_10,DONKEY,DIFFER,3,500.0,1060.0,0.4717,1,560.0
1790934867,R_10,DONKEY,DIFFER,3,500.0,1060.0,0.4717,1,560.0
1790934867,R_10,DONKEY,DIFFER,3,500.0,1060.0,0.4717,1,560.0
1790934867,R_10,DONKEY,DIFFER,3,500.0,1060.0,0.4717,1,560.0
1790934867,R_10,DONKEY,DIFFER,3,600.0,1060.0,0.56604,1,672.0
1790934867,R_10,DONKEY,DIFFER,3,600.0,1060.0,0.56604,1,672.0
1790934867,R_10,DONKEY,DIFFER,3,600.0,1060.0,0.56604,1,672.0
